<?xml version="1.0" encoding="utf-8"?><ArrayOfNetworkCredentialClass xmlns:xsd="http://www.w3.org/2001/XMLSchema" xmlns:xsi="http://www.w3.org/2001/XMLSchema-instance"><NetworkCredentialClass><Id>f72dec3b-affd-4ce4-b2bd-33a657359fb0</Id><UserName>DQAvaKsST7OmIsiclnmk8lquseb4hstyakEvIaLyZ96S9LQMBq/8Fu/G/+qcuSN+7LXFNSdueAtdyk1AecfUplEW8RPQDhEvclVvI3q+35dGHq6vscy+FZjDFZ18yFq8</UserName><PassWord>EegTq75uUCrAv4NqejFAEUDaMhLQeB73IIzmxl0cncWyFUyYVOXKy5W5LWB/Oocmri2r73ebUYxbeCyPcu28Qjt2WHjlWD16567TPGQ1UEn7NxdZCn0L13rK4Hl/MOhw</PassWord><Domain>cLHub78Yt9DmBoVCyfUZRPJUF2+xgtmKKidIxIEeAscR1ef65g1c3C50bThP8JRyw0fUj5Xok+NjLFrwIgPnOzQz5J/dlJoJLq8DtJEiwPk1TUDjES8fZUWdgfhpkdJ9</Domain><ImpersonationOptions><ExecuteAPI>API</ExecuteAPI><SuppressFlow>true</SuppressFlow><LoadProfile>true</LoadProfile><LocalLogin>true</LocalLogin><SeTcbPrivilege>false</SeTcbPrivilege><DuplicateToken>false</DuplicateToken><OverrideLogonTypeAndProvider>false</OverrideLogonTypeAndProvider><LogonType>LOGON32_LOGON_NEW_CREDENTIALS</LogonType><LogonProvider>LOGON32_PROVIDER_DEFAULT</LogonProvider><InitOpenDesktop>true</InitOpenDesktop><DesktopPath>WinSta0\Default</DesktopPath></ImpersonationOptions><IsMSA>false</IsMSA><GroupOverride /></NetworkCredentialClass></ArrayOfNetworkCredentialClass>