﻿<?xml version="1.0" encoding="utf-8"?>
<ServerSettingsClass xmlns:xsd="http://www.w3.org/2001/XMLSchema" xmlns:xsi="http://www.w3.org/2001/XMLSchema-instance">
  <DefaultFlows />
  <AllowWebAPI>true</AllowWebAPI>
  <WebAPIPort>8001</WebAPIPort>
  <WebAPISecurePort>8002</WebAPISecurePort>
  <UseUserCertificate>false</UseUserCertificate>
  <ProcessorCount>4</ProcessorCount>
  <AdaptersList>
    <KeyValuePairOfStringString />
  </AdaptersList>
  <AllowMFT>false</AllowMFT>
  <AllowLocalConnectionsOnly>false</AllowLocalConnectionsOnly>
  <ADServer>hetco.com</ADServer>
  <ADServerCredential />
  <ADServerCredentials />
  <AllowActiveDirectoryLogon>true</AllowActiveDirectoryLogon>
  <AllowedADGroups />
  <ServerOn>true</ServerOn>
  <ServerVersion>9.9.6</ServerVersion>
  <ServerTime>2022-01-26T01:30:13</ServerTime>
  <ServiceUserName>p003</ServiceUserName>
  <BuildDate>2022-01-13T10:04:40</BuildDate>
  <UTCTimeOffset>-180000000000</UTCTimeOffset>
  <TimeZoneName>Eastern Standard Time</TimeZoneName>
  <RenameStandard>VisualCron</RenameStandard>
  <LimitOutput>true</LimitOutput>
  <ExtendedDebugging>true</ExtendedDebugging>
  <ServerLogToFile>true</ServerLogToFile>
  <LogToEventLog>false</LogToEventLog>
  <LimitOutputSize>536870911</LimitOutputSize>
  <MaxOutputSize>2147483647</MaxOutputSize>
  <IsCluster>false</IsCluster>
  <ServerPort>16444</ServerPort>
  <SMTPHost>frRs9XHv3j478HCbm93vUZbJyJxFGvtxFXyIeAJvcJOSLtKXJGfxZFnCOgeSRn/+y205ITetRkA369noPuev1e0ByG21z5E2In0qxmv2RoZS83RYpIWyB/mi2dm5DcTX</SMTPHost>
  <SMTPPort>25</SMTPPort>
  <SMTPUseAuthentication>false</SMTPUseAuthentication>
  <SMTPUserName>aOC0M6Zm6ejcDFIQHcjBVerSKmhPTJZxWWuRNv+NdZtela+uwLyfd8e/weJp5nbzwNWyh5iBTROeYUnra/GyGEg9NZ6fIGN4Tpi95fQQ+g93W7wzbV//j41wMqSzfJGt</SMTPUserName>
  <SMTPPassWord>nmd43uaHOjqn1pmSmLHVO1M/gUxbhisgx0nL7AwE+6JCVAqdx6OKreQgybFDU/JTDjLxJvuXOtsya1BLRAk9oIChPCMbYmVupnW6iQ2aPYsAPULa/uq6vNfe36Er6pud</SMTPPassWord>
  <SMTPToEmail>arotenberg@hetco.com</SMTPToEmail>
  <SMTPFromEmail>do-not-reply@hetco.com</SMTPFromEmail>
  <SMTPFromName>JobScheduler</SMTPFromName>
  <ServerLanguageId>11</ServerLanguageId>
  <PasswordsRules>
    <Enable>false</Enable>
    <MinPassAge>2</MinPassAge>
    <MaxPassAge>35</MaxPassAge>
    <MinPassLength>8</MinPassLength>
    <MinSpecChars>1</MinSpecChars>
    <MinNumChars>1</MinNumChars>
    <MinLowerCaseChars>1</MinLowerCaseChars>
    <MinUpperCaseChars>1</MinUpperCaseChars>
    <PromptDays>1</PromptDays>
    <MaxReusePass>0</MaxReusePass>
    <MaxFailBeforeLockAcc>3</MaxFailBeforeLockAcc>
    <LockAccTime>0</LockAccTime>
    <IdleTimeout>600</IdleTimeout>
    <ForceToChangePass>false</ForceToChangePass>
  </PasswordsRules>
  <CloudSettings>
    <Enabled>false</Enabled>
  </CloudSettings>
  <AutoDownloadMissingDependencies>true</AutoDownloadMissingDependencies>
  <BackupJobAdded>true</BackupJobAdded>
  <DeleteJobLogsAdded>true</DeleteJobLogsAdded>
  <SendErrorReport>true</SendErrorReport>
  <LogDB>
    <LogToDB>true</LogToDB>
    <LogGeneralDateStart>0001-01-01T00:00:00</LogGeneralDateStart>
    <LogGeneralDateEnd>0001-01-01T00:00:00</LogGeneralDateEnd>
    <LogGeneralKeepMaximumRows>true</LogGeneralKeepMaximumRows>
    <LogGeneralMaximumRowCount>5000</LogGeneralMaximumRowCount>
    <LogGeneralKeepForXDays>true</LogGeneralKeepForXDays>
    <LogGeneralKeepForXDaysCount>3</LogGeneralKeepForXDaysCount>
    <LogAuditDateStart>0001-01-01T00:00:00</LogAuditDateStart>
    <LogAuditDateEnd>0001-01-01T00:00:00</LogAuditDateEnd>
    <LogAuditKeepMaximumRows>true</LogAuditKeepMaximumRows>
    <LogAuditMaximumRowCount>5000</LogAuditMaximumRowCount>
    <LogAuditKeepForXDays>true</LogAuditKeepForXDays>
    <LogAuditKeepForXDaysCount>3</LogAuditKeepForXDaysCount>
    <LogJobDateStart>0001-01-01T00:00:00</LogJobDateStart>
    <LogJobDateEnd>0001-01-01T00:00:00</LogJobDateEnd>
    <LogJobKeepMaximumRows>true</LogJobKeepMaximumRows>
    <LogJobMaximumRowCount>5000</LogJobMaximumRowCount>
    <LogJobKeepForXDays>true</LogJobKeepForXDays>
    <LogJobKeepForXDaysCount>3</LogJobKeepForXDaysCount>
    <LogTaskDateStart>0001-01-01T00:00:00</LogTaskDateStart>
    <LogTaskDateEnd>0001-01-01T00:00:00</LogTaskDateEnd>
    <LogTaskKeepMaximumRows>true</LogTaskKeepMaximumRows>
    <LogTaskMaximumRowCount>5000</LogTaskMaximumRowCount>
    <LogTaskKeepForXDays>true</LogTaskKeepForXDays>
    <LogTaskKeepForXDaysCount>3</LogTaskKeepForXDaysCount>
    <LogDBLocation>Internal</LogDBLocation>
    <LogExternalDBConnectionId />
    <LogExternalDBCredentialId />
    <LogExternalDBTablesCreated>false</LogExternalDBTablesCreated>
    <LogNotificationDateStart>0001-01-01T00:00:00</LogNotificationDateStart>
    <LogNotificationDateEnd>0001-01-01T00:00:00</LogNotificationDateEnd>
    <LogNotificationKeepMaximumRows>true</LogNotificationKeepMaximumRows>
    <LogNotificationMaximumRowCount>2000</LogNotificationMaximumRowCount>
    <LogNotificationKeepForXDays>true</LogNotificationKeepForXDays>
    <LogNotificationKeepForXDaysCount>14</LogNotificationKeepForXDaysCount>
    <LogServerStatsDateStart>0001-01-01T00:00:00</LogServerStatsDateStart>
    <LogServerStatsDateEnd>0001-01-01T00:00:00</LogServerStatsDateEnd>
    <LogServerStatsKeepMaximumRows>false</LogServerStatsKeepMaximumRows>
    <LogServerStatsMaximumRowCount>100000</LogServerStatsMaximumRowCount>
    <LogServerStatsKeepForXDays>true</LogServerStatsKeepForXDays>
    <LogServerStatsKeepForXDaysCount>30</LogServerStatsKeepForXDaysCount>
  </LogDB>
  <ServerSettingsFolder>C:\Program Files (x86)\VisualCron\settings</ServerSettingsFolder>
  <InstallFolder>C:\Program Files (x86)\VisualCron\</InstallFolder>
  <LogFolder>C:\Program Files\VisualCron\\log</LogFolder>
  <BackupFolder>C:\Program Files\VisualCron\backup</BackupFolder>
  <OutputCacheFolder>C:\Documents and Settings\All Users\Application Data\VisualCron\output</OutputCacheFolder>
  <TempFolder>C:\Documents and Settings\P003\Local Settings\Temp\VisualCron</TempFolder>
  <DefaultCodePage>1252</DefaultCodePage>
  <OverrideHTTPConnectionLimit>true</OverrideHTTPConnectionLimit>
  <HTTPConnectionLimit>500</HTTPConnectionLimit>
  <DefaultExitCodeCollection>746c95ce-d394-491c-925c-8bd50e4daa8e</DefaultExitCodeCollection>
  <JobFolders />
  <DefaultROIJobTime>60</DefaultROIJobTime>
  <DefaultROIJobRate>1</DefaultROIJobRate>
  <StoreOnlySuccessfulExecutions>false</StoreOnlySuccessfulExecutions>
  <ROICurrency>USD</ROICurrency>
</ServerSettingsClass>