﻿<?xml version="1.0" encoding="utf-8"?><ArrayOfSecUserClass xmlns:xsd="http://www.w3.org/2001/XMLSchema" xmlns:xsi="http://www.w3.org/2001/XMLSchema-instance"><SecUserClass><ADCredential /><ADHostName>hetco.com</ADHostName><ADDC>hetco</ADDC><Id>1c917525-e2cc-432b-bc2a-0e17a9408043</Id><Email>8SV69AwyVu8FdZWEHnueCD3fmljtGjQyup7SIE0bQZmv+vJoxUu7Ioy1aHn564SR81MRXgZR8KTI2KqmPMu3/Wda51UwYHML1L4hORfGh3Iy7DYlkHwXSey/Lx9hHrbR</Email><Name>tGmIPMtDOPinmQQqCymPhQDH4TcC57Grrgn3WqEysg4UZQ85aMGhVxWKkKlwfQ5evI9m0OlwPPWJq7NPiKWpWy8GkNh1KPnpLSl+KUWBsfIczWq4Ap9w+pFZK4EFCdJC</Name><UserName>OaOBUEDdU9EA2BNW6grliCDV6wWMjedKNkSjsz702MSKVmefB+zXQgmp6AbHGO2EdAc38y+tpunZDaA3WkZnE/UvJPHhtUG3/P5/SMWIdopnnZSj33L50g6a1ad9dymV</UserName><Passwords /><PasswordChangeDate>0001-01-01T00:00:00</PasswordChangeDate><WrongPasswordsCount>0</WrongPasswordsCount><AccountBlockedTime>0001-01-01T00:00:00</AccountBlockedTime><Active>true</Active><InheritGroup>false</InheritGroup><Groups><string>2df408ab-c2e3-41b6-ba0e-9b17b3b6743a</string></Groups><OriginalADGroupId /><IsADUser>true</IsADUser><IsADGroup>false</IsADGroup><ADIdentifier>0+SW7nvR92hCiXRjQFNzXCd6CfQiCFhY6hVngqFl8soRd+ZbANRD9Tz2w1nYkheJauOTEYAGnKFrDq/5jodFEHXlDaIFKMlZW46nFKcD3VrVyCtHrwSTZPg94950n3JaCgyNsiLqVg89rsEyQF2PEb14PsB8qSNqGKigciEo7G0=</ADIdentifier><ForceToChangePass>true</ForceToChangePass></SecUserClass><SecUserClass><ADCredential /><ADHostName /><ADDC /><Id>b626c954-f49a-2e23-b9b5-fd84f90ae628</Id><Name>d2hLT7zcXtx3Ld5zu12y/pcCS9CeFeDE2UEPebt+g/3b1NLjpaU3wc5pmlkJjNgR4LYpuY0PJ3TYs5I+OFUiBFofLrTAsVA8jHF81Va6s6xxlAAU4WK/I7rEYl8U7FIi</Name><UserName>Z+IvbEYl2RhT7JlhUhLm70CwEAF/71owkKIN8XvSciVDOh3MQIRy/c6+26gAbqhjSEY5+Eemuvkujezs/Q+u1P2wyL8qQ8m6hU1GtoaKgHPxuWXcr6wJXa0I87v9IZIT</UserName><PassWord>SLljSIfiZ8BYnVCDSxgVVdjfr+UPYgwOJiXELlk5yyNMgOn5jI4Osc6/6eFclaGsOrH9vio1kUQ4sdV0Aa9xjCJ+w17AzJvvupkZuWUouGVbV5S+F77HyOjgAhsd4jj8</PassWord><Passwords><base64Binary>eB0Ohrr3AR0QOtzg2LtmHkX9/DwugevBV1lpZTfpxtX+UjirI4S6UmVl8GprocHkAlb0NiWPL7/XAnoCMUAuKH449iHMvhJVfbU+pLNCg6fQHqkRtqqrWyqp0LjVVI3J02XDpSX1q2/EchJnH9LXiWDvXdS1hV/CPJz3ZlPhgzM=</base64Binary></Passwords><PasswordChangeDate>2019-03-16T12:25:38.0345732-04:00</PasswordChangeDate><WrongPasswordsCount>0</WrongPasswordsCount><AccountBlockedTime>0001-01-01T00:00:00</AccountBlockedTime><Active>true</Active><InheritGroup>true</InheritGroup><Groups><string>3df408ab-c2e3-41b6-ba0e-9b17b3b6743a</string></Groups><OriginalADGroupId /><IsADUser>false</IsADUser><IsADGroup>false</IsADGroup><ForceToChangePass>false</ForceToChangePass></SecUserClass><SecUserClass><ADCredential /><ADHostName>hetco.com</ADHostName><ADDC>hetco</ADDC><Id>cc67d277-8003-4d03-819d-e12997647f45</Id><Email>G1MIIGYF4LVQFRn3OR9RtCjADdxQBXP8G5NPPMKCJa/gI9z79xjLziyX36A1Rijlf4PKnyDfVUcdWcxlnY/OUaL5SWCApoIM6/7PjoSajNXW40arl3q3GX6aGjiOL+Wf</Email><Name>JV3agQ5ubpUm8HPU0jaTPeq6htB69iXmWFgmLSFyJq5wUPSOcd7lovN60tSg14YE1U8n/rK/j6Xz/Gh1bWtlT8LTr31iDWQXQWp+0C263KijdUKNJztS4mvXkIpr6AcJ</Name><UserName>5GD9isVCBqWeqepPBC+TcfwW+btiL2iXtwCne3xPHaRgtLftwtOLfeVHpbXLcPY7WW1I+z4BsUw6fkphOf9X4a+NrV1ap3oPAs6RsBXQ8h9fylilmZURy5XH4Zmb1XJT</UserName><Passwords /><PasswordChangeDate>0001-01-01T00:00:00</PasswordChangeDate><WrongPasswordsCount>0</WrongPasswordsCount><AccountBlockedTime>0001-01-01T00:00:00</AccountBlockedTime><Active>true</Active><InheritGroup>true</InheritGroup><Groups><string>1df408ab-c2e3-41b6-ba0e-9b17b3b6743a</string></Groups><OriginalADGroupId>6eb5e551-58fc-4b77-8194-2bc024e676b2</OriginalADGroupId><IsADUser>true</IsADUser><IsADGroup>false</IsADGroup><ADIdentifier>URl1cQTzSVt1xxcIxvsZXZ6BldAzTwSvBUSKoD04BogSVRu9u5hmLb8b3teDlT2jGNdal7OUF9+BDZvcNc2Op+2GHsvcGiz0WcNB0qakRo8oQQUKbf5y36MQIBvNMTzM/Y8PvzI25tRmpUbZkSrWFeVdSvFnMsuES3oQXsKnirg=</ADIdentifier><ForceToChangePass>false</ForceToChangePass></SecUserClass><SecUserClass><ADCredential /><ADHostName>hetco.com</ADHostName><ADDC>hetco</ADDC><Id>b472bdcf-1255-4f3f-a898-178370ae4143</Id><Email>IB8LFGwVWUw+ZJsludo60dQKOKZ3DZY88qGIf8JZGic=</Email><Name>sJWB4ZM6oJc5kitYfalcwoE5bexkUMH5mFmZeLcOlYQhrIf9EkzGUj++3+EqDIu0+rp0JB04FTGsu9ezep1hEQjuHwwtKgJsvXlUDMzLqCpvOLLB9rioozSwd0+6Dpl3</Name><UserName>kBr3X0YeyJEpjNuaGTg8bcFMxV+bndwFW0CyRKreAYxyRQJr4Ms5kvLAqsyAS3IrIUnqBhLZVVKEOUfqbXV4dCjcpf2gvidhAAwzz/cqduBbWQm9LXaru8JlfbqCnvdu</UserName><PassWord>P1ggK+JzmTWMe9smsiJSBNCeAImT4LeuBB9yiwvtPx8uzZ6StfQfrHnnAdOMou+wpOYErsz6KW85+921P14v/is8gYc3ssxyOs5q8v2jXYqxPTEaL1VVqWNddhWi6ivZ</PassWord><Passwords /><PasswordChangeDate>0001-01-01T00:00:00</PasswordChangeDate><WrongPasswordsCount>0</WrongPasswordsCount><AccountBlockedTime>0001-01-01T00:00:00</AccountBlockedTime><Active>true</Active><InheritGroup>true</InheritGroup><Groups><string>1df408ab-c2e3-41b6-ba0e-9b17b3b6743a</string></Groups><OriginalADGroupId>6eb5e551-58fc-4b77-8194-2bc024e676b2</OriginalADGroupId><IsADUser>true</IsADUser><IsADGroup>false</IsADGroup><ADIdentifier>vatNB1BtoiL0P0khexlUCW03/0fF18WIiRwcUKd65IxWmos6WkMyanUKAhcxYgHL</ADIdentifier><ForceToChangePass>false</ForceToChangePass></SecUserClass><SecUserClass><ADCredential /><ADHostName>hetco.com</ADHostName><ADDC>hetco</ADDC><Id>0bfddff4-302f-4c6e-8252-adec4d355422</Id><Email>C3CQLwuDxKpmWyPDW9GbYBA91MJZxK4Vk9rlrkM8I8k=</Email><Name>vGZoLcVbkP/Rxun8wTHfLy7FTHhbdnhcwY/HKhKhHOl8TnnQNR48DAbCMm7Bzw/AN76iK5ZdDlcLEMCq9n0UwsN9b57uM43YZPzOGUveg3UDXvqUTfLjCpc0+Fvx6QY3</Name><UserName>svxQfDhUFKHokt6uqgoW55Ba6ntqLZoM4iXOa9atGS/Ix9V/RhBzrYeGqh4PztWcBW2xFOQb/gzKSPj+vKnyarzg+GUlfy7DEqGnQVPub/B3nSXoKk3sTCud+pZf9hzs</UserName><PassWord>qWhFcgGh/2TOaIKwfRAXfY8F7TBCur91v3hd9MgjS0Mqo2qZyO9EsuvRK3rGZxq6+uLgu8gEfnrenfbRbFrqDEDc2gaVtSrRSOVEXLI+XIGX+z/89ydUfeUO0La+uTie</PassWord><Passwords /><PasswordChangeDate>0001-01-01T00:00:00</PasswordChangeDate><WrongPasswordsCount>0</WrongPasswordsCount><AccountBlockedTime>0001-01-01T00:00:00</AccountBlockedTime><Active>true</Active><InheritGroup>true</InheritGroup><Groups><string>1df408ab-c2e3-41b6-ba0e-9b17b3b6743a</string></Groups><OriginalADGroupId>6eb5e551-58fc-4b77-8194-2bc024e676b2</OriginalADGroupId><IsADUser>true</IsADUser><IsADGroup>false</IsADGroup><ADIdentifier>vatNB1BtoiL0P0khexlUCW03/0fF18WIiRwcUKd65IxWmos6WkMyapVOs+gJS4i/</ADIdentifier><ForceToChangePass>false</ForceToChangePass></SecUserClass><SecUserClass><ADCredential /><ADHostName>hetco.com</ADHostName><ADDC>hetco</ADDC><Id>21c97d7b-f52c-4f32-ab1a-23d63d7c9fb3</Id><Email>sLoKR1P7PzV2w++ADZUfmqoGTwErAFXsDIZltDEnfLM=</Email><Name>UQt0WZ944OCgL4R7ODz4fxq/WESzdUlEgaDGZlXN6MqGw5w2Lh0tMIchclLGMwDEGT9UjmRH0vxa63yCyLx4SPTBr49P+YOy59BPYioWNstOs4jBWYoQ5b9btjBi/UmH</Name><UserName>4OM1ivPAsO/PL13Njj6E5RZ5P8li9vAG49P5UuyHD4qV7dyudVnUriR2W9YgtcprINlo/X2/y6OelqcV9azwewbCKD7Rk5EZuCNlUvZ3HAIvgQCSfjGgyo+JaLt6tjPJ</UserName><PassWord>TiJazWNDd++PdCmB5cYhrQa9Hwr7O/vDcWvpE75pIwvS5RMUCw7Cc0WXnuKYythcGa4xvVoC9Gw5zP71F3SdPPyPm4EUIhRtKQHtyOShxk2jL6K5cBhjIwYfzdFi6ao7</PassWord><Passwords /><PasswordChangeDate>0001-01-01T00:00:00</PasswordChangeDate><WrongPasswordsCount>0</WrongPasswordsCount><AccountBlockedTime>0001-01-01T00:00:00</AccountBlockedTime><Active>true</Active><InheritGroup>true</InheritGroup><Groups><string>1df408ab-c2e3-41b6-ba0e-9b17b3b6743a</string></Groups><OriginalADGroupId>6eb5e551-58fc-4b77-8194-2bc024e676b2</OriginalADGroupId><IsADUser>true</IsADUser><IsADGroup>false</IsADGroup><ADIdentifier>vatNB1BtoiL0P0khexlUCW03/0fF18WIiRwcUKd65IxWmos6WkMyagKd9Svy0cYC</ADIdentifier><ForceToChangePass>false</ForceToChangePass></SecUserClass><SecUserClass><ADCredential /><ADHostName>hetco.com</ADHostName><ADDC>hetco</ADDC><Id>618e9e8d-d001-41a5-aa84-23785f9bd993</Id><Email>WFRM3muHaCWqRGZ7xxIoPaIx6jZqVD+h6ymH7o1WPJE=</Email><Name>763uB/DpC3v3202IHVFFEZYjepV8YbPZq3aAAHlhgZ81/3jtZ26JWRcZzoKYypGjVjtI4O9nIqegg47M5iT5gAXnu/xVkysRzV0tyb5v9y4AW+nchy8A949URJhf1EVh</Name><UserName>Krc9kw+fwfx2hofsRtTLmKiEAHKmLPc93lcO3pCgX51HXA/BrE1pQFDe/fVOaQPRYUkvSRoi+jmw6cVZg2H5CvFBH677fQ4HdhWUlY/EQ45HRQug/DyxGwSjUJ5COuot</UserName><PassWord>uW2xgvYp2IshqQDWkO/95nbwl3tcbG2O80zEF/4nYTLOB/xJo68h+JDwVC/zu3mR8o5jaMw7ZTLtUVMb5sNHRd1jMwTGTSO8Hxa+O1OltRGLQrZp2VEbIErGhv7aW2V2</PassWord><Passwords /><PasswordChangeDate>0001-01-01T00:00:00</PasswordChangeDate><WrongPasswordsCount>0</WrongPasswordsCount><AccountBlockedTime>0001-01-01T00:00:00</AccountBlockedTime><Active>true</Active><InheritGroup>true</InheritGroup><Groups><string>1df408ab-c2e3-41b6-ba0e-9b17b3b6743a</string></Groups><OriginalADGroupId>6eb5e551-58fc-4b77-8194-2bc024e676b2</OriginalADGroupId><IsADUser>true</IsADUser><IsADGroup>false</IsADGroup><ADIdentifier>vatNB1BtoiL0P0khexlUCW03/0fF18WIiRwcUKd65IxWmos6WkMyaioIxSFI9/W5</ADIdentifier><ForceToChangePass>false</ForceToChangePass></SecUserClass><SecUserClass><ADCredential /><ADHostName>hetco.com</ADHostName><ADDC>hetco</ADDC><Id>eff321c6-aa2b-4460-8d68-3df0f7e597cc</Id><Email>HBInxIpLwFnKv5zb8SatuVcx1JkHpKeM9G/x3fo+m9Y=</Email><Name>2Lu117OoNc0+eNIsaDfNMTvQ9f4PqZyNwD1qAKfJsHjlvnHGBYdesa5daaxW0PfXSSDliTeP4ZQZBI7gFfSpc28UzmBYeCxHQMqvPbWSFhECDdzlUp0YQIngXP18Skm8</Name><UserName>jg7+mNgxBJxTAi0Ze1L6wAL/404RV9VShR9w54iapRl7qOKhliP/Lz//ma1lL7QlhZtIpct5f2mXQOh9Pz7SaAPXS1YzJnmt2TNTwkhyocQ/U3voPpXOjobNVWqvZ0vS</UserName><PassWord>F4KeWE1AnIwucA8G+Nq61nzqhMCM3GpwVb3eL/wHGVhifFV8Wb0k9BE1C+bFXQzYfg9xFrU6UQWHN2lZlFtSOJVz44LULYpnu/YY5T16fU+R71auzpJtG0eU3ErJNkPe</PassWord><Passwords /><PasswordChangeDate>0001-01-01T00:00:00</PasswordChangeDate><WrongPasswordsCount>0</WrongPasswordsCount><AccountBlockedTime>0001-01-01T00:00:00</AccountBlockedTime><Active>true</Active><InheritGroup>true</InheritGroup><Groups><string>1df408ab-c2e3-41b6-ba0e-9b17b3b6743a</string></Groups><OriginalADGroupId>6eb5e551-58fc-4b77-8194-2bc024e676b2</OriginalADGroupId><IsADUser>true</IsADUser><IsADGroup>false</IsADGroup><ADIdentifier>vatNB1BtoiL0P0khexlUCW03/0fF18WIiRwcUKd65IxWmos6WkMyalH07LfZqY1z</ADIdentifier><ForceToChangePass>false</ForceToChangePass></SecUserClass><SecUserClass><ADCredential /><ADHostName>hetco.com</ADHostName><ADDC>hetco</ADDC><Id>acfff697-f876-4b39-b2ef-2fdd7516d191</Id><Email>hij/gWrtQftgUqWVt4CicIKCij+0fY4g15i57cMH8PU=</Email><Name>G62OID0nmI+/eFarUPTzYY4xJMmTKkK43HEx5YHCS6//+/HxlgGe1kP1psqRr6Jl6xYlqlDj6fWBT9j8o7OcL56a/6Vmv2laNP0jw3zlIErzkE+/T/dPZ32HsOVCtezK</Name><UserName>wHDp+NRiTU1KRaJb/chLjqKkUsLOq7NWPE+dVkqi2bf2RxXua5ipc2xEsSO9r163KeTKb0RpJIPfny1Gtwu07v7w19VkYd+OedPvTwM7Tsf9rNKEbdQnm6xC87nSQlyI</UserName><PassWord>beN0gRo7THgLJ8GB348GovjZJXrSq/cDNqEZChkeYoYa1ycbc4znrNn/VC4rC3lvZRt/rKoOg50pU7oAF8j0IpvVS/4deamrw7rkQllysFJF5C/gfyUhbjacJ4X5oQKT</PassWord><Passwords /><PasswordChangeDate>0001-01-01T00:00:00</PasswordChangeDate><WrongPasswordsCount>0</WrongPasswordsCount><AccountBlockedTime>0001-01-01T00:00:00</AccountBlockedTime><Active>true</Active><InheritGroup>true</InheritGroup><Groups><string>1df408ab-c2e3-41b6-ba0e-9b17b3b6743a</string></Groups><OriginalADGroupId>6eb5e551-58fc-4b77-8194-2bc024e676b2</OriginalADGroupId><IsADUser>true</IsADUser><IsADGroup>false</IsADGroup><ADIdentifier>vatNB1BtoiL0P0khexlUCW03/0fF18WIiRwcUKd65IxWmos6WkMyasPtPa3WcPIp</ADIdentifier><ForceToChangePass>false</ForceToChangePass></SecUserClass><SecUserClass><ADCredential /><ADHostName>hetco.com</ADHostName><ADDC>hetco</ADDC><Id>e8e1e28b-19f5-4ed0-b6fd-475d8d67fb31</Id><Email>XLy53yldh0Yg0zUSbK2lU+kvBUFEETZeK2KGtTlOIEI=</Email><Name>JXjPXYyh711IStR6z/C4zkv99sHto+W2/JJdhAW+Z4zeIGHN2rFIWOk9r9PkCrZixU9JsTHFtNgtszYXhYRThOg5dqX6a6DXKmdMKmjjG6kqZODFp803DwS6QZQ9/nDL</Name><UserName>hG6ab9qZSpKC19/QfnCgRh7NA2CxHHgDemcn+IbJ6CKCipuDaDN3WHkn67L9ah/1bXR1FkGzMwBNnKFokUY7k7OK7XD6rbtfApxCafCY+nlCB+5W5PFPyWDi8jx0GPYz</UserName><PassWord>lQZ/rM510pmiL4+MNLop+xvIqZhAYsBOeCIkLeY7PH9wp5bFcsoEMTEvnzzg/15ngJ2or3+tnhpBx/GCiHmpEV906454i/g6CInV2SP4ktAdXE7fLP7EXVtS6K7jAkfo</PassWord><Passwords /><PasswordChangeDate>0001-01-01T00:00:00</PasswordChangeDate><WrongPasswordsCount>0</WrongPasswordsCount><AccountBlockedTime>0001-01-01T00:00:00</AccountBlockedTime><Active>true</Active><InheritGroup>true</InheritGroup><Groups><string>1df408ab-c2e3-41b6-ba0e-9b17b3b6743a</string></Groups><OriginalADGroupId>6eb5e551-58fc-4b77-8194-2bc024e676b2</OriginalADGroupId><IsADUser>true</IsADUser><IsADGroup>false</IsADGroup><ADIdentifier>vatNB1BtoiL0P0khexlUCW03/0fF18WIiRwcUKd65IxWmos6WkMyamz/Lv/AtlmP</ADIdentifier><ForceToChangePass>false</ForceToChangePass></SecUserClass><SecUserClass><ADCredential /><ADHostName>hetco.com</ADHostName><ADDC>hetco</ADDC><Id>70d7b514-a597-4f01-9101-27b3126781ba</Id><Email>mQeR5Z1LEmA=</Email><Name>e//E6UpZCQgf9RVccz4e0TFG/R4F1S/1nLAKIheR81o9+F7AX+8dsS4zxea0xbagsvt7s7P9N/W14Kauv8cVjywDYWdbc/V0NxaZRYtWNt1lRJaRZp0YResAuJ+W0puG</Name><UserName>KL/a7W9KfJZfpMIssPzctbM8ngL0pPzo8pfm4EhSCahzp94CnNFpFUHV6r4h+d7AYJvX9DS5GnMv7JSfHrfWeohOwI8nd45qbQXp4IOYXoCLs4BGo505ZjVnibHc8TTx</UserName><PassWord>fv+JVDFGPk/NYMCyT6TUFJlxM3Vgq5JVXaZ8lKpvrC90yigqKhE2U9huo1oQN5ZVuZsjVmrHxmDtnHCSv39QUUC6SlgCCGsBYD9Gd4ZN7cg7+rxfgvEiQEGMcs01X0e0</PassWord><Passwords /><PasswordChangeDate>0001-01-01T00:00:00</PasswordChangeDate><WrongPasswordsCount>0</WrongPasswordsCount><AccountBlockedTime>0001-01-01T00:00:00</AccountBlockedTime><Active>true</Active><InheritGroup>false</InheritGroup><Groups><string>1df408ab-c2e3-41b6-ba0e-9b17b3b6743a</string></Groups><OriginalADGroupId /><IsADUser>true</IsADUser><IsADGroup>false</IsADGroup><ADIdentifier>vatNB1BtoiL0P0khexlUCW03/0fF18WIiRwcUKd65IxWmos6WkMyanlAmxX+VoB2</ADIdentifier><ForceToChangePass>false</ForceToChangePass></SecUserClass><SecUserClass><ADCredential /><ADHostName>hetco.com</ADHostName><ADDC>hetco</ADDC><Id>668bbcb8-d744-4a28-9a9d-934a612e5497</Id><Email>yc8J2yqeCjpHy0+W7R5ZTct4yg7Cy5MZxviVu7Xt/Vs=</Email><Name>tXz+qObqRRKeme8mHXYo11wPdRcxdtbW5UNVgDdKwG196yiEwYJPo77HdR8lPaCkbbE6I+j7Ld7WWErz2eT1w56KYpch3LwkePQ3A9Xnjls0xBKkA3Agxf2U/vOfttQ9</Name><UserName>VOy9eSY2nFMv4zOo43WSIFN/KfGufWf8NIaI2ximYGdQmiijaLqOImv9ZesUmqPa4ZS+h2na2T3xUoeOHus8Y3YxTXQJqonFWizXSgQWUykIP31uUAtJ17fs5sRKJsRl</UserName><PassWord>ahnIRF/DKuo/qvCVJu+ONDlW+yxQuxLV4QLi72rGj6ofulvU0ooIj4bHUYZjTNQC51XrnwVQSW4akPwKqcNGZtcwxWLjKaKewTfleIWL6rKu9GmvZ/CwjYYVck39mmfC</PassWord><Passwords /><PasswordChangeDate>0001-01-01T00:00:00</PasswordChangeDate><WrongPasswordsCount>0</WrongPasswordsCount><AccountBlockedTime>0001-01-01T00:00:00</AccountBlockedTime><Active>true</Active><InheritGroup>true</InheritGroup><Groups><string>1df408ab-c2e3-41b6-ba0e-9b17b3b6743a</string></Groups><OriginalADGroupId>6eb5e551-58fc-4b77-8194-2bc024e676b2</OriginalADGroupId><IsADUser>true</IsADUser><IsADGroup>false</IsADGroup><ADIdentifier>vatNB1BtoiL0P0khexlUCW03/0fF18WIiRwcUKd65IxWmos6WkMyaoUvfhxRriYh</ADIdentifier><ForceToChangePass>false</ForceToChangePass></SecUserClass><SecUserClass><ADCredential /><ADHostName>hetco.com</ADHostName><ADDC>hetco</ADDC><Id>1a2ffbee-8060-4fbf-ab76-8816dd73eff2</Id><Email>pmBH6zYTFQtPLx2zctUxfzGpPDbrf6zf</Email><Name>NjwwQaihrwP9QS4bJy46GHANTCWNdZW8Hc/IPwK7nCVckp7o+TbvT4fFrrSGLD/vmWC5ZRg0JGJJ6vO6WLahmgrC3zc7HVL1CFF1pelJOJRHE+AyHCQ/1/QThtl4bXb8</Name><UserName>RU7orYz73RQ+rUk0XUtNc1FXlxXOlcFgscuinzOpllXCy33Y4eUl/hI2g37sEZ/I7/ejCkTTBLLjKHLVyTIk7oOLBIGp6RygHkC+hFqyZ4j5+7b66Er083iYw1vHKSpJ</UserName><PassWord>JWulpS1LF302UKpIS5o1iSJCPqVMgCAi1AZDGLe3iqqjwaIiX7TWNoI4pjtSdncbKV2bNRlmd4Zv855UsIwucdpW2fxvhWW5kc0hsEQxXeonujs4wcOnu93sOYVYTAxa</PassWord><Passwords /><PasswordChangeDate>0001-01-01T00:00:00</PasswordChangeDate><WrongPasswordsCount>0</WrongPasswordsCount><AccountBlockedTime>0001-01-01T00:00:00</AccountBlockedTime><Active>true</Active><InheritGroup>true</InheritGroup><Groups><string>1df408ab-c2e3-41b6-ba0e-9b17b3b6743a</string></Groups><OriginalADGroupId>6eb5e551-58fc-4b77-8194-2bc024e676b2</OriginalADGroupId><IsADUser>true</IsADUser><IsADGroup>false</IsADGroup><ADIdentifier>vatNB1BtoiL0P0khexlUCW03/0fF18WIiRwcUKd65IxWmos6WkMyam3aInwJJPqd</ADIdentifier><ForceToChangePass>false</ForceToChangePass></SecUserClass><SecUserClass><ADCredential /><ADHostName /><ADDC /><Id>7e785f46-b8b2-4fcc-97e0-9f0682dfeda9</Id><Email>nDBXdMJ3leYo5m8U/KAnEw==</Email><Name>ilpVMinE7rK4oCekUWha5iQSY//qYvYFVDxlkhY8KWUyCsBPd5b992be1r0Hk5Ve4c+L4LbYjppxsrFAGZdXWjFWYhq1p3IsCU2rn8C5YFmwNYmbbmoVa2jn20SLZxug</Name><UserName>yjph/0aiEtb+K/Cc+Dq61v9ixDq7P3b1AdLBX70Kwrz76ksaZdB9MILCty0ontbo/sF6DFE2IEOABAd19Uxo+hcEleCjPz+AZ6KMWXPRZd23rSFHhfEghvMHNsAIhLa0</UserName><PassWord>v49/vyrcFRTMRVLu/n7yrpsKRFG7iBTIiyGhSvxFM42pNyyxgc0MtG5W+L3OzMa1YhS0uJfb0vfPeJWHjObRIFM0Q7jjQi6ucDivtf6sESFU9DnN48ZWNlFtsHNZb1lr</PassWord><Passwords /><PasswordChangeDate>0001-01-01T00:00:00</PasswordChangeDate><WrongPasswordsCount>0</WrongPasswordsCount><AccountBlockedTime>0001-01-01T00:00:00</AccountBlockedTime><Active>true</Active><InheritGroup>true</InheritGroup><Groups><string>2df408ab-c2e3-41b6-ba0e-9b17b3b6743a</string></Groups><OriginalADGroupId /><IsADUser>false</IsADUser><IsADGroup>false</IsADGroup><ForceToChangePass>false</ForceToChangePass></SecUserClass><SecUserClass><ADCredential /><ADHostName>hetco.com</ADHostName><ADDC>hetco</ADDC><Id>c3d7550e-4393-442c-b130-40e1a58edd76</Id><Email>8kt7mxq6OUcuMRY2kx0J2M64vCSBuQHu</Email><Name>0mT95AGd+k6DiCLByiXs5115Pcark7iyQ5whyHTJxMeGycNB6cdPwj2SjA6uu0Vc+u6Ma3Z/IwzOiChIZRI1fO6XRztYoGPqKR4ylLnLtyPN3X8f13Ku6LC38bRn7HEH</Name><UserName>4jGDNC6BZxUb1yiO8+V2+scSQPXtfO/EbLEsiqyySmOVIz1PIuh3n/WhamFJVI+D5XjCAjBsZot5lXbHp88IqrX3k5KB40v7pwPF97UUBKxFPWwOLVwXj2nXgwO7ZzJH</UserName><PassWord>mGlM9rxiYdb9FmuxmLCM6GEasIZWdcR3DGGfRBfLfxFBn5NC2IZgmzcb8XrTH16uLtY/uDn1JAZz907odvHoFHg5+mOQDg1efa5y2mOPdPSt8HVftg2aM7oU5T0B+F4e</PassWord><Passwords /><PasswordChangeDate>0001-01-01T00:00:00</PasswordChangeDate><WrongPasswordsCount>0</WrongPasswordsCount><AccountBlockedTime>0001-01-01T00:00:00</AccountBlockedTime><Active>true</Active><InheritGroup>true</InheritGroup><Groups><string>1df408ab-c2e3-41b6-ba0e-9b17b3b6743a</string></Groups><OriginalADGroupId>6eb5e551-58fc-4b77-8194-2bc024e676b2</OriginalADGroupId><IsADUser>true</IsADUser><IsADGroup>false</IsADGroup><ADIdentifier>vatNB1BtoiL0P0khexlUCW03/0fF18WIiRwcUKd65IxWmos6WkMyarceox/U8axc</ADIdentifier><ForceToChangePass>false</ForceToChangePass></SecUserClass><SecUserClass><ADCredential /><ADHostName>hetco.com</ADHostName><ADDC>hetco</ADDC><Id>6eb5e551-58fc-4b77-8194-2bc024e676b2</Id><Name>tsmSRfLVv4kqV6JuhC/mO0nlElvZbj5u9k6MLzM4OQltk9NcxNu7iEeTkdmfKe1jbC3/F0DNiT6kBdvjg4gZdLEhx4iOikkwolr2Z+cDIzJuADPhZBbrG/+STaHWODvZ</Name><UserName>PJo50oWMh10JC7E2loz1T2+EH6Bqyugle0ExXQ1bSwYWqVAUfXpCcfRWVIUi/CWnnSk/ZIPjkxDkA1xLgEEtMivzmspN/Jzm/okx9c0eiX+li0LNC/UTiLas0Dy5NE8v</UserName><PassWord>9epWdO2LwG1WyxPCDrYdFaAv7YZgUYuzazw7Sx/K4m3p8E/abGO5PIPsLgFxVus06t2LMu8M1ZHjEEQhpKMD6+U3GojZZwF4Hq6R6jvs4kcXllZLYZSPXKpeBz2TO2Wj</PassWord><Passwords /><PasswordChangeDate>0001-01-01T00:00:00</PasswordChangeDate><WrongPasswordsCount>0</WrongPasswordsCount><AccountBlockedTime>0001-01-01T00:00:00</AccountBlockedTime><Active>true</Active><InheritGroup>true</InheritGroup><Groups><string>1df408ab-c2e3-41b6-ba0e-9b17b3b6743a</string></Groups><OriginalADGroupId /><IsADUser>false</IsADUser><IsADGroup>true</IsADGroup><ADGroup>Front Office Tech</ADGroup><ForceToChangePass>false</ForceToChangePass></SecUserClass><SecUserClass><ADCredential /><ADHostName>hetco.com</ADHostName><ADDC>hetco</ADDC><Id>ef7ee88b-3e37-47d7-bdbf-40a9d48a233f</Id><Email>r7YHZCFgF/LsulAx8R3J06sQVeP5rnRfL0I4ejWcYbY=</Email><Name>80dbrfiDSTrRjizgAgQW9nFcPeDzmPwruzegIa5Qgqm6Me72DWszDjO/VduW5BVL6d3YdtS/gvSbtk/FUoVyHVWxtac9ZVIutL3xZcs/t7gLfPipaPYTPahu0XLATPo+</Name><UserName>BvP7vUaIIOKkFc0nnNMQmZmpqe1pOyqMuQz+2PoHhJqytCzj/jIBy6HEOCd7G2STN3wbTZMETI9LH6M2aEhAecQUfwZyHD6ITklgqkPWVkmmZl+Mmr/H2rdbI17msP3P</UserName><PassWord>LM/1PinaM3SWQwfBaTRM+5PMDITr4VSkQmQdqrwl/62BDLqC2DkdyDEmDCyi+Oz3+EpCG/KFkGH8Y60sH0swsSfwboprUauFkdNpYgZzhBixkM8DmjXjpN8lQCIMzv7j</PassWord><Passwords /><PasswordChangeDate>0001-01-01T00:00:00</PasswordChangeDate><WrongPasswordsCount>0</WrongPasswordsCount><AccountBlockedTime>0001-01-01T00:00:00</AccountBlockedTime><Active>true</Active><InheritGroup>true</InheritGroup><Groups><string>1df408ab-c2e3-41b6-ba0e-9b17b3b6743a</string></Groups><OriginalADGroupId>6eb5e551-58fc-4b77-8194-2bc024e676b2</OriginalADGroupId><IsADUser>true</IsADUser><IsADGroup>false</IsADGroup><ADIdentifier>vatNB1BtoiL0P0khexlUCW03/0fF18WIiRwcUKd65IxWmos6WkMyamCn8uOgmLAw</ADIdentifier><ForceToChangePass>false</ForceToChangePass></SecUserClass><SecUserClass><ADCredential /><ADHostName /><ADDC /><Id>fad98fea-44b5-43f8-914a-0dd55ac42ab6</Id><Email>mQeR5Z1LEmA=</Email><Name>pYWPHcwsYfBC73HmUM0CFzu3sUMBqRP3GLjRPUBinAqwl2snMt1Ky6KEsvBwsyFcNelo3i40+NRgCAtW5ZO0kjHNLW6oJK22WkODnpGjOWqhDtTaqnx9YPhFvUI/DrXY</Name><UserName>G0HjNb7B05v6AD03D/eEjKfdep1VgTnZwUQnZCz8+bNcsG6ly+OsdU2Pe9kgf+3NuObdsE+oCQC5BstD5hvPvqWwW3UIXN5sGPn/xzqrj77Z+LbakveaIRxFBxr92Y0y</UserName><PassWord>pS76LUTpRlgyDcg6ALJFybG812FOSzAxLrPL+P72WbWNYM6t2AFwBRO4AEZM5/cp9/krtdxOJoqfu2ifLTG3TuAI+8CUU1Kdk0fgdCBnUOg5jSv7ZSPyGCWG2wzlc+7q</PassWord><Passwords><base64Binary>hHDdBA+ez8C40POxtQg636EXVSlkNUOLb0j6h2q6t5XU5ngtc39JmRDrUqX/jRL4izzUXKanRwBvx3PvSpSHGBbopAnaSDlWZrevy96AYqUVE6vu/dGZmyWBiZHpAaWdntFsoMx7tcPc26mDLJ7uTPdFAw50P4GglNNxWCKkvcw=</base64Binary></Passwords><PasswordChangeDate>0001-01-01T00:00:00</PasswordChangeDate><WrongPasswordsCount>0</WrongPasswordsCount><AccountBlockedTime>0001-01-01T00:00:00</AccountBlockedTime><Active>false</Active><InheritGroup>true</InheritGroup><Groups><string>1df408ab-c2e3-41b6-ba0e-9b17b3b6743a</string></Groups><OriginalADGroupId /><IsADUser>false</IsADUser><IsADGroup>false</IsADGroup><ForceToChangePass>false</ForceToChangePass></SecUserClass></ArrayOfSecUserClass>